1	Tx	Page1[0].f1_1[0]	36,684			
1	Tx	Page1[0].f1_2[0]	253,684			Name(s) shown on return
1	Tx	Page1[0].f1_3[0]	482,684			Name(s) shown on return Business or activity to which this form relates
1	Tx	Page1[0].f1_4[0]	504,648		1	1 Maximum amount (see instructions) … 1
1	Tx	Page1[0].f1_5[0]	504,636		2	1 2 Maximum amount (see instructions) . Total cost of section 179 property placed in service (see instructions) … 1 2
1	Tx	Page1[0].f1_6[0]	504,624		3	ervice (see instructions) Threshold cost of section 179 property before reduction in limitation (see instructions) … 2 3
1	Tx	Page1[0].f1_7[0]	504,612		4	 in limitation (see instructions) Reduction in limitation. Subtract line 3 from line 2. If zero or less, enter -0- … 3 4
1	Tx	Page1[0].f1_8[0]	504,588		5	or tax year. Subtract line 4 from line 1. If zero or less, enter -0-. If married filing separately, see instructions … 5
1	Tx	Page1[0].Table_Ln6[0].BodyRow1[0].f1_9[0]	36,564			
1	Tx	Page1[0].Table_Ln6[0].BodyRow1[0].f1_10[0]	281,564			6
1	Tx	Page1[0].Table_Ln6[0].BodyRow1[0].f1_11[0]	382,564			6
1	Tx	Page1[0].Table_Ln6[0].BodyRow2[0].f1_12[0]	36,552			
1	Tx	Page1[0].Table_Ln6[0].BodyRow2[0].f1_13[0]	281,552			
1	Tx	Page1[0].Table_Ln6[0].BodyRow2[0].f1_14[0]	382,552			
1	Tx	Page1[0].f1_15[0]	382,540		7	7 Listed property. Enter the amount from line 29 … 7
1	Tx	Page1[0].f1_16[0]	504,528		8	ter the amount from line 29 Total elected cost of section 179 property. Add amounts in column (c), lines 6 and 7 … 7 … 8
1	Tx	Page1[0].f1_17[0]	504,516		9	 179 property. Add amounts in column (c), lines 6 and 7 Tentative deduction. Enter the smaller of line 5 or line 8 … 8 9
1	Tx	Page1[0].f1_18[0]	504,504		10	on. Enter the Carryover of disallowed deduction from line 13 of your 2023 Form 4562 . smaller of line 5 or line 8 … 10 9
1	Tx	Page1[0].f1_19[0]	504,492		11	usiness income limitation. Enter the smaller of business income (not less than zero) or line 5. See instructions … 10 11
1	Tx	Page1[0].f1_20[0]	504,480		12	or line 5. See instructions Section 179 expense deduction. Add lines 9 and 10, but don’t enter more than line 11 … 11 12
1	Tx	Page1[0].f1_21[0]	410,468		13	10, but don’t enter more than line 11 Carryover of disallowed deduction to 2025. Add lines 9 and 10, less line 12 . 13 .
1	Tx	Page1[0].f1_22[0]	504,420		14	lowance for qualified property (other than listed property) placed in service during the tax year. See instructions … 14
1	Tx	Page1[0].f1_23[0]	504,408		15	15 Property subject to section 168(f)(1) election . during the tax year. See instructions … 14 15
1	Tx	Page1[0].f1_24[0]	504,396		16	15 16 Property subject to section 168(f)(1) election . Other depreciation (including ACRS) … 15 16
1	Tx	Page1[0].f1_25[0]	504,360		17	17 MACRS deductions for assets placed in service in tax years beginning before 2024 Section A … 17
1	chk	Page1[0].c1_1[0]	461,340	1		asset accounts, check here … .
1	Tx	Page1[0].SectionBTable[0].Line19a[0].R4[0]	137,288			19a 3-year property
1	Tx	Page1[0].SectionBTable[0].Line19a[0].f1_26[0]	194,288			19a 3-year property service
1	Tx	Page1[0].SectionBTable[0].Line19a[0].f1_27[0]	281,288			19a 3-year property service only—see instructions)
1	Tx	Page1[0].SectionBTable[0].Line19a[0].f1_28[0]	331,288			19a 3-year property service only—see instructions)
1	Tx	Page1[0].SectionBTable[0].Line19a[0].f1_29[0]	396,288			19a 3-year property service only—see instructions)
1	Tx	Page1[0].SectionBTable[0].Line19a[0].f1_30[0]	482,288			19a 3-year property service only—see instructions)
1	Tx	Page1[0].SectionBTable[0].Line19b[0].R5[0]	137,276			19a b 3-year property 5-year property
1	Tx	Page1[0].SectionBTable[0].Line19b[0].f1_31[0]	194,276			19a b 3-year property 5-year property
1	Tx	Page1[0].SectionBTable[0].Line19b[0].f1_32[0]	281,276			19a b 3-year property 5-year property
1	Tx	Page1[0].SectionBTable[0].Line19b[0].f1_33[0]	331,276			19a b 3-year property 5-year property
1	Tx	Page1[0].SectionBTable[0].Line19b[0].f1_34[0]	396,276			19a b 3-year property 5-year property
1	Tx	Page1[0].SectionBTable[0].Line19b[0].f1_35[0]	482,276			19a b 3-year property 5-year property
1	Tx	Page1[0].SectionBTable[0].Line19c[0].R6[0]	137,264			b c 5-year property 7-year property
1	Tx	Page1[0].SectionBTable[0].Line19c[0].f1_36[0]	194,264			b c 5-year property 7-year property
1	Tx	Page1[0].SectionBTable[0].Line19c[0].f1_37[0]	281,264			b c 5-year property 7-year property
1	Tx	Page1[0].SectionBTable[0].Line19c[0].f1_38[0]	331,264			b c 5-year property 7-year property
1	Tx	Page1[0].SectionBTable[0].Line19c[0].f1_39[0]	396,264			b c 5-year property 7-year property
1	Tx	Page1[0].SectionBTable[0].Line19c[0].f1_40[0]	482,264			b c 5-year property 7-year property
1	Tx	Page1[0].SectionBTable[0].Line19d[0].R7[0]	137,252			d c 10-year property 7-year property
1	Tx	Page1[0].SectionBTable[0].Line19d[0].f1_41[0]	194,252			d c 10-year property 7-year property
1	Tx	Page1[0].SectionBTable[0].Line19d[0].f1_42[0]	281,252			d c 10-year property 7-year property
1	Tx	Page1[0].SectionBTable[0].Line19d[0].f1_43[0]	331,252			d c 10-year property 7-year property
1	Tx	Page1[0].SectionBTable[0].Line19d[0].f1_44[0]	396,252			d c 10-year property 7-year property
1	Tx	Page1[0].SectionBTable[0].Line19d[0].f1_45[0]	482,252			d c 10-year property 7-year property
1	Tx	Page1[0].SectionBTable[0].Line19e[0].R8[0]	137,240			d e 10-year property 15-year property
1	Tx	Page1[0].SectionBTable[0].Line19e[0].f1_46[0]	194,240			d e 10-year property 15-year property
1	Tx	Page1[0].SectionBTable[0].Line19e[0].f1_47[0]	281,240			d e 10-year property 15-year property
1	Tx	Page1[0].SectionBTable[0].Line19e[0].f1_48[0]	331,240			d e 10-year property 15-year property
1	Tx	Page1[0].SectionBTable[0].Line19e[0].f1_49[0]	396,240			d e 10-year property 15-year property
1	Tx	Page1[0].SectionBTable[0].Line19e[0].f1_50[0]	482,240			d e 10-year property 15-year property
1	Tx	Page1[0].SectionBTable[0].Line19f[0].R9[0]	137,228			e f 15-year property 20-year property
1	Tx	Page1[0].SectionBTable[0].Line19f[0].f1_51[0]	194,228			e f 15-year property 20-year property
1	Tx	Page1[0].SectionBTable[0].Line19f[0].f1_52[0]	281,228			e f 15-year property 20-year property
1	Tx	Page1[0].SectionBTable[0].Line19f[0].f1_53[0]	331,228			e f 15-year property 20-year property
1	Tx	Page1[0].SectionBTable[0].Line19f[0].f1_54[0]	396,228			e f 15-year property 20-year property
1	Tx	Page1[0].SectionBTable[0].Line19f[0].f1_55[0]	482,228			e f 15-year property 20-year property
1	Tx	Page1[0].SectionBTable[0].Line19g[0].R10[0]	137,216			g f 20-year property 25-year property
1	Tx	Page1[0].SectionBTable[0].Line19g[0].f1_56[0]	194,216			g f 20-year property 25-year property
1	Tx	Page1[0].SectionBTable[0].Line19g[0].Line19g_d[0]	330,216			g f 20-year property 25-year property 25 yrs.
1	Tx	Page1[0].SectionBTable[0].Line19g[0].f1_58[0]	331,216			g f 20-year property 25-year property 25 yrs.
1	Tx	Page1[0].SectionBTable[0].Line19g[0].Line19g_f[0]	481,216			g f 20-year property 25-year property 25 yrs. S/L
1	Tx	Page1[0].SectionBTable[0].Line19g[0].f1_60[0]	482,216			g f 20-year property 25-year property 25 yrs. S/L
1	Tx	Page1[0].SectionBTable[0].Line19h_1[0].f1_61[0]	137,204			g h Residential rental 25-year property
1	Tx	Page1[0].SectionBTable[0].Line19h_1[0].f1_62[0]	194,204			g h Residential rental 25-year property
1	Tx	Page1[0].SectionBTable[0].Line19h_1[0].Line19h_d[0]	330,204			g h Residential rental 25-year property 27.5 yrs.
1	Tx	Page1[0].SectionBTable[0].Line19h_1[0].Line19h_e[0]	395,204			g h Residential rental 25-year property 27.5 yrs. MM
1	Tx	Page1[0].SectionBTable[0].Line19h_1[0].Line19h_f[0]	481,204			g h Residential rental 25-year property 27.5 yrs. MM S/L
1	Tx	Page1[0].SectionBTable[0].Line19h_1[0].f1_66[0]	482,204			g h Residential rental 25-year property 27.5 yrs. MM S/L
1	Tx	Page1[0].SectionBTable[0].Line19h_2[0].f1_67[0]	137,192			h Residential rental property
1	Tx	Page1[0].SectionBTable[0].Line19h_2[0].f1_68[0]	194,192			h Residential rental property
1	Tx	Page1[0].SectionBTable[0].Line19h_2[0].Line19h_d2[0]	330,192			h Residential rental property 27.5 yrs.
1	Tx	Page1[0].SectionBTable[0].Line19h_2[0].Line19h_e2[0]	395,192			h Residential rental property 27.5 yrs. MM
1	Tx	Page1[0].SectionBTable[0].Line19h_2[0].Line19h_f2[0]	481,192			h Residential rental property 27.5 yrs. MM S/L
1	Tx	Page1[0].SectionBTable[0].Line19h_2[0].f1_72[0]	482,192			h Residential rental property 27.5 yrs. MM S/L
1	Tx	Page1[0].SectionBTable[0].Line19i_1[0].f1_73[0]	137,180			i Nonresidential real
1	Tx	Page1[0].SectionBTable[0].Line19i_1[0].f1_74[0]	194,180			i Nonresidential real
1	Tx	Page1[0].SectionBTable[0].Line19i_1[0].Line19i_d[0]	330,180			i Nonresidential real 39 yrs.
1	Tx	Page1[0].SectionBTable[0].Line19i_1[0].Line19i_e[0]	395,180			i Nonresidential real 39 yrs. MM
1	Tx	Page1[0].SectionBTable[0].Line19i_1[0].Line19i_f[0]	481,180			i Nonresidential real 39 yrs. MM S/L
1	Tx	Page1[0].SectionBTable[0].Line19i_1[0].f1_78[0]	482,180			i Nonresidential real 39 yrs. MM S/L
1	Tx	Page1[0].SectionBTable[0].Line19i_2[0].f1_79[0]	137,168			i Nonresidential real property
1	Tx	Page1[0].SectionBTable[0].Line19i_2[0].f1_80[0]	194,168			i Nonresidential real property
1	Tx	Page1[0].SectionBTable[0].Line19i_2[0].f1_81[0]	281,168			i Nonresidential real property
1	Tx	Page1[0].SectionBTable[0].Line19i_2[0].Line19i_e[0]	395,168			i Nonresidential real property MM
1	Tx	Page1[0].SectionBTable[0].Line19i_2[0].Line19i_f2[0]	481,168			i Nonresidential real property MM S/L
1	Tx	Page1[0].SectionBTable[0].Line19i_2[0].f1_84[0]	482,168			i Nonresidential real property MM S/L
1	Tx	Page1[0].SectionCTable[0].Line20a[0].R11[0]	137,144			20a Class life Section C—Assets Placed in Service During 2024 Tax Year Using the Alternative Depreciation System
1	Tx	Page1[0].SectionCTable[0].Line20a[0].f1_85[0]	194,144			20a Class life Section C—Assets Placed in Service During 2024 Tax Year Using the Alternative Depreciation System
1	Tx	Page1[0].SectionCTable[0].Line20a[0].f1_86[0]	281,144			20a Class life Section C—Assets Placed in Service During 2024 Tax Year Using the Alternative Depreciation System
1	Tx	Page1[0].SectionCTable[0].Line20a[0].f1_87[0]	331,144			20a Class life Section C—Assets Placed in Service During 2024 Tax Year Using the Alternative Depreciation System
1	Tx	Page1[0].SectionCTable[0].Line20a[0].Line20a_f[0]	481,144			20a Class life Section C—Assets Placed in Service During 2024 Tax Year Using the Alternative Depreciation System S/L
1	Tx	Page1[0].SectionCTable[0].Line20a[0].f1_89[0]	482,144			20a Class life Section C—Assets Placed in Service During 2024 Tax Year Using the Alternative Depreciation System S/L
1	Tx	Page1[0].SectionCTable[0].Line20b[0].R12[0]	137,132			20a b Class life 12-year
1	Tx	Page1[0].SectionCTable[0].Line20b[0].f1_90[0]	194,132			20a b Class life 12-year
1	Tx	Page1[0].SectionCTable[0].Line20b[0].Line20b_d[0]	330,132			20a b Class life 12-year 12 yrs.
1	Tx	Page1[0].SectionCTable[0].Line20b[0].f1_92[0]	331,132			20a b Class life 12-year 12 yrs.
1	Tx	Page1[0].SectionCTable[0].Line20b[0].Line20b_f[0]	481,132			20a b Class life 12-year 12 yrs. S/L
1	Tx	Page1[0].SectionCTable[0].Line20b[0].f1_94[0]	482,132			20a b Class life 12-year 12 yrs. S/L
1	Tx	Page1[0].SectionCTable[0].Line20c[0].f1_95[0]	137,120			b c 12-year 30-year
1	Tx	Page1[0].SectionCTable[0].Line20c[0].f1_96[0]	194,120			b c 12-year 30-year
1	Tx	Page1[0].SectionCTable[0].Line20c[0].Line20c_d[0]	330,120			b c 12-year 30-year 30 yrs.
1	Tx	Page1[0].SectionCTable[0].Line20c[0].Line20c_e[0]	395,120			b c 12-year 30-year 30 yrs. MM
1	Tx	Page1[0].SectionCTable[0].Line20c[0].Line20c_f[0]	481,120			b c 12-year 30-year 30 yrs. MM S/L
1	Tx	Page1[0].SectionCTable[0].Line20c[0].f1_100[0]	482,120			b c 12-year 30-year 30 yrs. MM S/L
1	Tx	Page1[0].SectionCTable[0].Line20d[0].f1_101[0]	137,108			d c 30-year 40-year
1	Tx	Page1[0].SectionCTable[0].Line20d[0].f1_102[0]	194,108			d c 30-year 40-year
1	Tx	Page1[0].SectionCTable[0].Line20d[0].Line20d_d[0]	330,108			d c 30-year 40-year 40 yrs.
1	Tx	Page1[0].SectionCTable[0].Line20d[0].Line20d_e[0]	395,108			d c 30-year 40-year 40 yrs. MM
1	Tx	Page1[0].SectionCTable[0].Line20d[0].Line20d_f[0]	481,108			d c 30-year 40-year 40 yrs. MM S/L
1	Tx	Page1[0].SectionCTable[0].Line20d[0].f1_106[0]	482,108			d c 30-year 40-year 40 yrs. MM S/L
1	Tx	Page1[0].f1_107[0]	504,84		21	Part IV 21 Listed property. Enter amount from line 28 Summary (See instructions.) … 21
1	Tx	Page1[0].f1_108[0]	504,60		22	s—see instructions Add amounts from line 12, lines 14 through 17, lines 19 and 20 in column (g), and line 21. Enter . 22
1	Tx	Page1[0].f1_109[0]	410,36		23	ve and placed in service during the current year, enter the portion of the basis attributable to section 263A costs … 23
2	chk	Page2[0].c2_1[0]	310,674	1		24 a Do you have evidence to support the business/investment use claimed?
2	chk	Page2[0].c2_1[1]	338,674	2		24 a Do you have evidence to support the business/investment use claimed? Yes
2	chk	Page2[0].c2_2[0]	518,674	1		24 a Do you have evidence to support the business/investment use claimed? Yes No 24b If “Yes,” is the evidence written?
2	chk	Page2[0].c2_2[1]	547,674	2		a Do you have evidence to support the business/investment use claimed? Yes No 24b If “Yes,” is the evidence written? Yes
2	Tx	Page2[0].f2_1[0]	432,612		25	usiness use. See instructions Special depreciation allowance for qualified listed property placed in service during . 25
2	Tx	Page2[0].Table_Ln26[0].BodyRow1[0].f2_2[0]	36,588			
2	Tx	Page2[0].Table_Ln26[0].BodyRow1[0].f2_3[0]	108,588			26 Property used more than 50% in a qualified business use:
2	Tx	Page2[0].Table_Ln26[0].BodyRow1[0].f2_4[0]	151,588			26 Property used more than 50% in a qualified business use:
2	Tx	Page2[0].Table_Ln26[0].BodyRow1[0].f2_5[0]	194,588			26 Property used more than 50% in a qualified business use: %
2	Tx	Page2[0].Table_Ln26[0].BodyRow1[0].f2_6[0]	267,588			26 Property used more than 50% in a qualified business use: %
2	Tx	Page2[0].Table_Ln26[0].BodyRow1[0].f2_7[0]	338,588			26 Property used more than 50% in a qualified business use: %
2	Tx	Page2[0].Table_Ln26[0].BodyRow1[0].f2_8[0]	383,588			26 Property used more than 50% in a qualified business use: %
2	Tx	Page2[0].Table_Ln26[0].BodyRow1[0].f2_9[0]	432,588			26 Property used more than 50% in a qualified business use: %
2	Tx	Page2[0].Table_Ln26[0].BodyRow1[0].f2_10[0]	504,588			26 Property used more than 50% in a qualified business use: %
2	Tx	Page2[0].Table_Ln26[0].BodyRow2[0].f2_11[0]	36,576			
2	Tx	Page2[0].Table_Ln26[0].BodyRow2[0].f2_12[0]	108,576			
2	Tx	Page2[0].Table_Ln26[0].BodyRow2[0].f2_13[0]	151,576			
2	Tx	Page2[0].Table_Ln26[0].BodyRow2[0].f2_14[0]	194,576			% %
2	Tx	Page2[0].Table_Ln26[0].BodyRow2[0].f2_15[0]	267,576			% %
2	Tx	Page2[0].Table_Ln26[0].BodyRow2[0].f2_16[0]	338,576			% %
2	Tx	Page2[0].Table_Ln26[0].BodyRow2[0].f2_17[0]	383,576			% %
2	Tx	Page2[0].Table_Ln26[0].BodyRow2[0].f2_18[0]	432,576			% %
2	Tx	Page2[0].Table_Ln26[0].BodyRow2[0].f2_19[0]	504,576			% %
2	Tx	Page2[0].Table_Ln26[0].BodyRow3[0].f2_20[0]	36,564			
2	Tx	Page2[0].Table_Ln26[0].BodyRow3[0].f2_21[0]	108,564			
2	Tx	Page2[0].Table_Ln26[0].BodyRow3[0].f2_22[0]	151,564			
2	Tx	Page2[0].Table_Ln26[0].BodyRow3[0].f2_23[0]	194,564			% %
2	Tx	Page2[0].Table_Ln26[0].BodyRow3[0].f2_24[0]	267,564			% %
2	Tx	Page2[0].Table_Ln26[0].BodyRow3[0].f2_25[0]	338,564			% %
2	Tx	Page2[0].Table_Ln26[0].BodyRow3[0].f2_26[0]	383,564			% %
2	Tx	Page2[0].Table_Ln26[0].BodyRow3[0].f2_27[0]	432,564			% %
2	Tx	Page2[0].Table_Ln26[0].BodyRow3[0].f2_28[0]	504,564			% %
2	Tx	Page2[0].Table_Ln27[0].BodyRow1[0].f2_29[0]	36,540			
2	Tx	Page2[0].Table_Ln27[0].BodyRow1[0].f2_30[0]	108,540			27 Property used 50% or less in a qualified business use:
2	Tx	Page2[0].Table_Ln27[0].BodyRow1[0].f2_31[0]	151,540			27 Property used 50% or less in a qualified business use:
2	Tx	Page2[0].Table_Ln27[0].BodyRow1[0].f2_32[0]	194,540			27 Property used 50% or less in a qualified business use: %
2	Tx	Page2[0].Table_Ln27[0].BodyRow1[0].f2_33[0]	267,540			27 Property used 50% or less in a qualified business use: %
2	Tx	Page2[0].Table_Ln27[0].BodyRow1[0].f2_34[0]	338,540			27 Property used 50% or less in a qualified business use: %
2	Tx	Page2[0].Table_Ln27[0].BodyRow1[0].f2_35[0]	405,540			27 Property used 50% or less in a qualified business use: % S/L –
2	Tx	Page2[0].Table_Ln27[0].BodyRow1[0].f2_36[0]	432,540			27 Property used 50% or less in a qualified business use: % S/L –
2	Tx	Page2[0].Table_Ln27[0].BodyRow2[0].f2_37[0]	36,528			
2	Tx	Page2[0].Table_Ln27[0].BodyRow2[0].f2_38[0]	108,528			
2	Tx	Page2[0].Table_Ln27[0].BodyRow2[0].f2_39[0]	151,528			
2	Tx	Page2[0].Table_Ln27[0].BodyRow2[0].f2_40[0]	194,528			% %
2	Tx	Page2[0].Table_Ln27[0].BodyRow2[0].f2_41[0]	267,528			% %
2	Tx	Page2[0].Table_Ln27[0].BodyRow2[0].f2_42[0]	338,528			% %
2	Tx	Page2[0].Table_Ln27[0].BodyRow2[0].f2_43[0]	405,528			% % S/L –
2	Tx	Page2[0].Table_Ln27[0].BodyRow2[0].f2_44[0]	432,528			% % S/L –
2	Tx	Page2[0].Table_Ln27[0].BodyRow3[0].f2_45[0]	36,516			
2	Tx	Page2[0].Table_Ln27[0].BodyRow3[0].f2_46[0]	108,516			
2	Tx	Page2[0].Table_Ln27[0].BodyRow3[0].f2_47[0]	151,516			
2	Tx	Page2[0].Table_Ln27[0].BodyRow3[0].f2_48[0]	194,516			% %
2	Tx	Page2[0].Table_Ln27[0].BodyRow3[0].f2_49[0]	267,516			% %
2	Tx	Page2[0].Table_Ln27[0].BodyRow3[0].f2_50[0]	338,516			% %
2	Tx	Page2[0].Table_Ln27[0].BodyRow3[0].f2_51[0]	405,516			% % S/L –
2	Tx	Page2[0].Table_Ln27[0].BodyRow3[0].f2_52[0]	432,516			% % S/L –
2	Tx	Page2[0].f2_53[0]	432,504		28	28 Add amounts in column (h), lines 25 through 27. Enter here and on line 21, page 1 % . 28
2	Tx	Page2[0].f2_54[0]	504,492		29	ugh 27. Enter here and on line 21, page 1 Add amounts in column (i), line 26. Enter here and on line 7, page 1 … 28 … 29
2	Tx	Page2[0].Table_Ln30-33[0].Line30[0].f2_55[0]	230,420			30 the year ( Total business/investment miles driven during don’t include commuting miles) .
2	Tx	Page2[0].Table_Ln30-33[0].Line30[0].f2_56[0]	288,420			30 the year ( Total business/investment miles driven during don’t include commuting miles) .
2	Tx	Page2[0].Table_Ln30-33[0].Line30[0].f2_57[0]	346,420			30 the year ( Total business/investment miles driven during don’t include commuting miles) .
2	Tx	Page2[0].Table_Ln30-33[0].Line30[0].f2_58[0]	403,420			30 the year ( Total business/investment miles driven during don’t include commuting miles) .
2	Tx	Page2[0].Table_Ln30-33[0].Line30[0].f2_59[0]	461,420			30 the year ( Total business/investment miles driven during don’t include commuting miles) .
2	Tx	Page2[0].Table_Ln30-33[0].Line30[0].f2_60[0]	518,420			30 the year ( Total business/investment miles driven during don’t include commuting miles) .
2	Tx	Page2[0].Table_Ln30-33[0].Line31[0].f2_61[0]	230,408			31 Total commuting miles driven during the year
2	Tx	Page2[0].Table_Ln30-33[0].Line31[0].f2_62[0]	288,408			31 Total commuting miles driven during the year
2	Tx	Page2[0].Table_Ln30-33[0].Line31[0].f2_63[0]	346,408			31 Total commuting miles driven during the year
2	Tx	Page2[0].Table_Ln30-33[0].Line31[0].f2_64[0]	403,408			31 Total commuting miles driven during the year
2	Tx	Page2[0].Table_Ln30-33[0].Line31[0].f2_65[0]	461,408			31 Total commuting miles driven during the year
2	Tx	Page2[0].Table_Ln30-33[0].Line31[0].f2_66[0]	518,408			31 Total commuting miles driven during the year
2	Tx	Page2[0].Table_Ln30-33[0].Line32[0].f2_67[0]	230,384			32 Total miles driven other personal … (noncommuting) … .
2	Tx	Page2[0].Table_Ln30-33[0].Line32[0].f2_68[0]	288,384			32 Total miles driven other personal … (noncommuting) … .
2	Tx	Page2[0].Table_Ln30-33[0].Line32[0].f2_69[0]	346,384			32 Total miles driven other personal … (noncommuting) … .
2	Tx	Page2[0].Table_Ln30-33[0].Line32[0].f2_70[0]	403,384			32 Total miles driven other personal … (noncommuting) … .
2	Tx	Page2[0].Table_Ln30-33[0].Line32[0].f2_71[0]	461,384			32 Total miles driven other personal … (noncommuting) … .
2	Tx	Page2[0].Table_Ln30-33[0].Line32[0].f2_72[0]	518,384			32 Total miles driven other personal … (noncommuting) … .
2	Tx	Page2[0].Table_Ln30-33[0].Line33[0].f2_73[0]	230,360			33 Total miles driven during the year. Add lines 30 through 32 … .
2	Tx	Page2[0].Table_Ln30-33[0].Line33[0].f2_74[0]	288,360			33 Total miles driven during the year. Add lines 30 through 32 … .
2	Tx	Page2[0].Table_Ln30-33[0].Line33[0].f2_75[0]	346,360			33 Total miles driven during the year. Add lines 30 through 32 … .
2	Tx	Page2[0].Table_Ln30-33[0].Line33[0].f2_76[0]	403,360			33 Total miles driven during the year. Add lines 30 through 32 … .
2	Tx	Page2[0].Table_Ln30-33[0].Line33[0].f2_77[0]	461,360			33 Total miles driven during the year. Add lines 30 through 32 … .
2	Tx	Page2[0].Table_Ln30-33[0].Line33[0].f2_78[0]	518,360			33 Total miles driven during the year. Add lines 30 through 32 … .
2	chk	Page2[0].SectionBTable2[0].Line34[0].c2_3[0]	239,336	1		34 use during off-duty hours? . Was the vehicle available for personal … Yes
2	chk	Page2[0].SectionBTable2[0].Line34[0].c2_3[1]	268,336	2		34 use during off-duty hours? . Was the vehicle available for personal … Yes No
2	chk	Page2[0].SectionBTable2[0].Line34[0].c2_4[0]	296,336	1		34 use during off-duty hours? . Was the vehicle available for personal … Yes No Yes
2	chk	Page2[0].SectionBTable2[0].Line34[0].c2_4[1]	325,336	2		34 use during off-duty hours? . Was the vehicle available for personal … Yes No Yes No
2	chk	Page2[0].SectionBTable2[0].Line34[0].c2_5[0]	354,336	1		34 use during off-duty hours? . Was the vehicle available for personal … Yes No Yes No Yes
2	chk	Page2[0].SectionBTable2[0].Line34[0].c2_5[1]	383,336	2		34 use during off-duty hours? . Was the vehicle available for personal … Yes No Yes No Yes No
2	chk	Page2[0].SectionBTable2[0].Line34[0].c2_6[0]	412,336	1		34 use during off-duty hours? . Was the vehicle available for personal … Yes No Yes No Yes No Yes
2	chk	Page2[0].SectionBTable2[0].Line34[0].c2_6[1]	440,336	2		34 use during off-duty hours? . Was the vehicle available for personal … Yes No Yes No Yes No Yes No
2	chk	Page2[0].SectionBTable2[0].Line34[0].c2_7[0]	469,336	1		34 use during off-duty hours? . Was the vehicle available for personal … Yes No Yes No Yes No Yes No Yes
2	chk	Page2[0].SectionBTable2[0].Line34[0].c2_7[1]	498,336	2		34 use during off-duty hours? . Was the vehicle available for personal … Yes No Yes No Yes No Yes No Yes No
2	chk	Page2[0].SectionBTable2[0].Line34[0].c2_8[0]	527,336	1		34 use during off-duty hours? . Was the vehicle available for personal … Yes No Yes No Yes No Yes No Yes No Yes
2	chk	Page2[0].SectionBTable2[0].Line34[0].c2_8[1]	556,336	2		34 use during off-duty hours? . Was the vehicle available for personal … Yes No Yes No Yes No Yes No Yes No Yes No
2	chk	Page2[0].SectionBTable2[0].Line35[0].c2_9[0]	239,318	1		35 than 5% owner or related person? Was the vehicle used primarily by a more . .
2	chk	Page2[0].SectionBTable2[0].Line35[0].c2_9[1]	268,318	2		35 than 5% owner or related person? Was the vehicle used primarily by a more . .
2	chk	Page2[0].SectionBTable2[0].Line35[0].c2_10[0]	296,318	1		35 than 5% owner or related person? Was the vehicle used primarily by a more . .
2	chk	Page2[0].SectionBTable2[0].Line35[0].c2_10[1]	325,318	2		35 than 5% owner or related person? Was the vehicle used primarily by a more . .
2	chk	Page2[0].SectionBTable2[0].Line35[0].c2_11[0]	354,318	1		35 than 5% owner or related person? Was the vehicle used primarily by a more . .
2	chk	Page2[0].SectionBTable2[0].Line35[0].c2_11[1]	383,318	2		35 than 5% owner or related person? Was the vehicle used primarily by a more . .
2	chk	Page2[0].SectionBTable2[0].Line35[0].c2_12[0]	412,318	1		35 than 5% owner or related person? Was the vehicle used primarily by a more . .
2	chk	Page2[0].SectionBTable2[0].Line35[0].c2_12[1]	440,318	2		35 than 5% owner or related person? Was the vehicle used primarily by a more . .
2	chk	Page2[0].SectionBTable2[0].Line35[0].c2_13[0]	469,318	1		35 than 5% owner or related person? Was the vehicle used primarily by a more . .
2	chk	Page2[0].SectionBTable2[0].Line35[0].c2_13[1]	498,318	2		35 than 5% owner or related person? Was the vehicle used primarily by a more . .
2	chk	Page2[0].SectionBTable2[0].Line35[0].c2_14[0]	527,318	1		35 than 5% owner or related person? Was the vehicle used primarily by a more . .
2	chk	Page2[0].SectionBTable2[0].Line35[0].c2_14[1]	556,318	2		35 than 5% owner or related person? Was the vehicle used primarily by a more . .
2	chk	Page2[0].SectionBTable2[0].Line36[0].c2_15[0]	239,300	1		36 Is another vehicle available for personal use?
2	chk	Page2[0].SectionBTable2[0].Line36[0].c2_15[1]	268,300	2		36 Is another vehicle available for personal use?
2	chk	Page2[0].SectionBTable2[0].Line36[0].c2_16[0]	296,300	1		36 Is another vehicle available for personal use?
2	chk	Page2[0].SectionBTable2[0].Line36[0].c2_16[1]	325,300	2		36 Is another vehicle available for personal use?
2	chk	Page2[0].SectionBTable2[0].Line36[0].c2_17[0]	354,300	1		36 Is another vehicle available for personal use?
2	chk	Page2[0].SectionBTable2[0].Line36[0].c2_17[1]	383,300	2		36 Is another vehicle available for personal use?
2	chk	Page2[0].SectionBTable2[0].Line36[0].c2_18[0]	412,300	1		36 Is another vehicle available for personal use?
2	chk	Page2[0].SectionBTable2[0].Line36[0].c2_18[1]	440,300	2		36 Is another vehicle available for personal use?
2	chk	Page2[0].SectionBTable2[0].Line36[0].c2_19[0]	469,300	1		36 Is another vehicle available for personal use?
2	chk	Page2[0].SectionBTable2[0].Line36[0].c2_19[1]	498,300	2		36 Is another vehicle available for personal use?
2	chk	Page2[0].SectionBTable2[0].Line36[0].c2_20[0]	527,300	1		36 Is another vehicle available for personal use?
2	chk	Page2[0].SectionBTable2[0].Line36[0].c2_20[1]	556,300	2		36 Is another vehicle available for personal use?
2	chk	Page2[0].c2_21[0]	527,240	1		in a written policy statement that prohibits all personal use of vehicles, including commuting, by your employees? … Yes
2	chk	Page2[0].c2_21[1]	556,240	2		a written policy statement that prohibits all personal use of vehicles, including commuting, by your employees? … Yes No
2	chk	Page2[0].c2_22[0]	527,222	1		owners Do you maintain a written policy statement that prohibits personal use of vehicles, except commuting, by your . .
2	chk	Page2[0].c2_22[1]	556,222	2		owners Do you maintain a written policy statement that prohibits personal use of vehicles, except commuting, by your . .
2	chk	Page2[0].c2_23[0]	527,204	1		39 Do you treat all use of vehicles by employees as personal use? … .
2	chk	Page2[0].c2_23[1]	556,204	2		39 Do you treat all use of vehicles by employees as personal use? … .
2	chk	Page2[0].c2_24[0]	527,186	1		received? Do you provide more than five vehicles to your employees, obtain information from your employees about the … .
2	chk	Page2[0].c2_24[1]	556,186	2		received? Do you provide more than five vehicles to your employees, obtain information from your employees about the … .
2	chk	Page2[0].c2_25[0]	527,168	1		41 Do you meet the requirements concerning qualified automobile demonstration use? See instructions … .
2	chk	Page2[0].c2_25[1]	556,168	2		41 Do you meet the requirements concerning qualified automobile demonstration use? See instructions … .
2	Tx	Page2[0].PartVITable[0].BodyRow1[0].f2_79[0]	36,84			
2	Tx	Page2[0].PartVITable[0].BodyRow1[0].f2_80[0]	180,84			
2	Tx	Page2[0].PartVITable[0].BodyRow1[0].f2_81[0]	252,84			
2	Tx	Page2[0].PartVITable[0].BodyRow1[0].f2_82[0]	353,84			
2	Tx	Page2[0].PartVITable[0].BodyRow1[0].f2_83[0]	425,84			
2	Tx	Page2[0].PartVITable[0].BodyRow1[0].f2_84[0]	482,84			
2	Tx	Page2[0].PartVITable[0].BodyRow2[0].f2_85[0]	36,72			
2	Tx	Page2[0].PartVITable[0].BodyRow2[0].f2_86[0]	180,72			
2	Tx	Page2[0].PartVITable[0].BodyRow2[0].f2_87[0]	252,72			
2	Tx	Page2[0].PartVITable[0].BodyRow2[0].f2_88[0]	353,72			
2	Tx	Page2[0].PartVITable[0].BodyRow2[0].f2_89[0]	425,72			
2	Tx	Page2[0].PartVITable[0].BodyRow2[0].f2_90[0]	482,72			
2	Tx	Page2[0].f2_91[0]	482,60		43	43 Amortization of costs that began before your 2024 tax year … 43
2	Tx	Page2[0].f2_92[0]	482,48		44	 that began before your 2024 tax year Total. Add amounts in column (f). See the instructions for where to report … 43 44